{
  "00a76a2e-a37a-4863-ad7b-ed1e96dbcb45": {
    "Id": "00a76a2e-a37a-4863-ad7b-ed1e96dbcb45",
    "type": "Pod",
    "name": "test-ads-0",
    "parent": "525e507d-2a4e-4a64-b1a9-afaa4a1ffb33",
    "dashboardUrl": "http://127.0.0.1:57268/api/v1/namespaces/kubernetes-dashboard/services/http:kubernetes-dashboard:/proxy/#/pod/default/test-ads-0?namespace=default",
    "children": [
      "00a76a2e-a37a-4863-ad7b-ed1e96dbcb45ads",
      "3e0336f5-187e-48bd-ac5e-9daae406f023"
    ],
    "connectedTo": ["c67eff4d-3e8a-404b-9379-69c7e7812fdf"],
    "attributes": {
      "Phase": "Running",
      "PodIP": "192.168.99.106"
    }
  },
  "00a76a2e-a37a-4863-ad7b-ed1e96dbcb45ads": {
    "Id": "00a76a2e-a37a-4863-ad7b-ed1e96dbcb45ads",
    "type": "Container",
    "name": "ads",
    "parent": "00a76a2e-a37a-4863-ad7b-ed1e96dbcb45",
    "connectedTo": ["3e0336f5-187e-48bd-ac5e-9daae406f023"],
    "attributes": {
      "UsedCpu": "9m",
      "UsedMemory": "216452Ki",
      "memory": "200Mi"
    }
  },
  "1037a54e65ed8773dc1e0f65388f29375ad83096": {
    "Id": "1037a54e65ed8773dc1e0f65388f29375ad83096",
    "type": "Group",
    "name": "test",
    "parent": "f43a4844-2cad-4071-815c-34b48d1664de",
    "children": [
      "ba09f3451b17f1f654fe438e53bbb114e873477c",
      "2c5cc5f6ffb7b6d63f741bc6dab0f4a7467636a5",
      "5209f75838a14b5e1b9a19f2c02327163ddc6182",
      "2c40d6e56e82eb5582d63830311ab6883622ed49",
      "9940b5c46bd7695819ed924b5c6a658c1ca9e33d"
    ]
  },
  "19f6572f-ae4b-4e2e-bf77-bcb2f37e84d4": {
    "Id": "19f6572f-ae4b-4e2e-bf77-bcb2f37e84d4",
    "type": "Service",
    "name": "kubernetes",
    "parent": "f43a4844-2cad-4071-815c-34b48d1664de",
    "dashboardUrl": "http://127.0.0.1:57268/api/v1/namespaces/kubernetes-dashboard/services/http:kubernetes-dashboard:/proxy/#/service/default/kubernetes?namespace=default"
  },
  "2ab5d687-218f-45d2-87b3-387752892a0a": {
    "Id": "2ab5d687-218f-45d2-87b3-387752892a0a",
    "type": "Pod",
    "name": "test-nds-deployment-6f596f74db-7bqpl",
    "parent": "4466e7ac-5d6c-4a62-867c-61e03dce1269",
    "dashboardUrl": "http://127.0.0.1:57268/api/v1/namespaces/kubernetes-dashboard/services/http:kubernetes-dashboard:/proxy/#/pod/default/test-nds-deployment-6f596f74db-7bqpl?namespace=default",
    "children": ["2ab5d687-218f-45d2-87b3-387752892a0ands"],
    "connectedTo": ["c67eff4d-3e8a-404b-9379-69c7e7812fdf"],
    "attributes": {
      "Phase": "Running",
      "PodIP": "192.168.99.106"
    }
  },
  "2ab5d687-218f-45d2-87b3-387752892a0ands": {
    "Id": "2ab5d687-218f-45d2-87b3-387752892a0ands",
    "type": "Container",
    "name": "nds",
    "parent": "2ab5d687-218f-45d2-87b3-387752892a0a",
    "attributes": {
      "UsedCpu": "64m",
      "UsedMemory": "224292Ki",
      "memory": "200Mi"
    }
  },
  "2c40d6e56e82eb5582d63830311ab6883622ed49": {
    "Id": "2c40d6e56e82eb5582d63830311ab6883622ed49",
    "type": "Group",
    "name": "nds",
    "parent": "1037a54e65ed8773dc1e0f65388f29375ad83096",
    "children": ["de16cc6e-fc49-4343-bbce-e7ec09c6cf94"]
  },
  "2c5cc5f6ffb7b6d63f741bc6dab0f4a7467636a5": {
    "Id": "2c5cc5f6ffb7b6d63f741bc6dab0f4a7467636a5",
    "type": "Group",
    "name": "catalog",
    "parent": "1037a54e65ed8773dc1e0f65388f29375ad83096",
    "children": [
      "3d2acfdd-7bbc-4032-9640-a3862df77e1c",
      "b85a7bf1-6ff0-4ebb-acce-694e1e7cf63c"
    ]
  },
  "3d2acfdd-7bbc-4032-9640-a3862df77e1c": {
    "Id": "3d2acfdd-7bbc-4032-9640-a3862df77e1c",
    "type": "Service",
    "name": "test-catalog",
    "parent": "2c5cc5f6ffb7b6d63f741bc6dab0f4a7467636a5",
    "dashboardUrl": "http://127.0.0.1:57268/api/v1/namespaces/kubernetes-dashboard/services/http:kubernetes-dashboard:/proxy/#/service/default/test-catalog?namespace=default",
    "connectedTo": [
      "a15fb34c-2fe0-41fc-900b-3bb812398f59",
      "71aec1fc-5b71-410a-bc9c-33830804a67b"
    ]
  },
  "3e0336f5-187e-48bd-ac5e-9daae406f023": {
    "Id": "3e0336f5-187e-48bd-ac5e-9daae406f023",
    "type": "PersistentVolume",
    "name": "db-test-ads-0",
    "parent": "00a76a2e-a37a-4863-ad7b-ed1e96dbcb45",
    "dashboardUrl": "http://127.0.0.1:57268/api/v1/namespaces/kubernetes-dashboard/services/http:kubernetes-dashboard:/proxy/#/persistentvolume/pvc-3604520d-b956-4cb7-887a-bf109bc2f276?namespace=default",
    "attributes": {
      "size": "1Gi"
    }
  },
  "4466e7ac-5d6c-4a62-867c-61e03dce1269": {
    "Id": "4466e7ac-5d6c-4a62-867c-61e03dce1269",
    "type": "ReplicaSet",
    "name": "test-nds-deployment-6f596f74db",
    "parent": "de16cc6e-fc49-4343-bbce-e7ec09c6cf94",
    "dashboardUrl": "http://127.0.0.1:57268/api/v1/namespaces/kubernetes-dashboard/services/http:kubernetes-dashboard:/proxy/#/replicaset/default/test-nds-deployment-6f596f74db?namespace=default",
    "children": [
      "8e478a4f-b6b1-40c8-ac86-468f12e83cf5",
      "2ab5d687-218f-45d2-87b3-387752892a0a"
    ]
  },
  "4649c11d-fea3-4ba2-bd08-4390848017a7": {
    "Id": "4649c11d-fea3-4ba2-bd08-4390848017a7",
    "type": "Pod",
    "name": "test-mariadb-deployment-7fcccb6db7-mwqdj",
    "parent": "e0b011c5-822c-44ae-a0f7-07b2573b04df",
    "dashboardUrl": "http://127.0.0.1:57268/api/v1/namespaces/kubernetes-dashboard/services/http:kubernetes-dashboard:/proxy/#/pod/default/test-mariadb-deployment-7fcccb6db7-mwqdj?namespace=default",
    "children": ["4649c11d-fea3-4ba2-bd08-4390848017a7mariadb"],
    "attributes": {
      "Phase": "Running",
      "PodIP": "192.168.99.106"
    }
  },
  "4649c11d-fea3-4ba2-bd08-4390848017a7mariadb": {
    "Id": "4649c11d-fea3-4ba2-bd08-4390848017a7mariadb",
    "type": "Container",
    "name": "mariadb",
    "parent": "4649c11d-fea3-4ba2-bd08-4390848017a7",
    "attributes": {
      "UsedCpu": "124m",
      "UsedMemory": "104768Ki",
      "memory": "200Mi"
    }
  },
  "4bb721a7-b8c9-4c6a-94a1-1f219faa6dda": {
    "Id": "4bb721a7-b8c9-4c6a-94a1-1f219faa6dda",
    "type": "Ingress",
    "name": "test-catalog",
    "parent": "f43a4844-2cad-4071-815c-34b48d1664de",
    "dashboardUrl": "http://127.0.0.1:57268/api/v1/namespaces/kubernetes-dashboard/services/http:kubernetes-dashboard:/proxy/#/ingress/default/test-catalog?namespace=default",
    "connectedTo": ["3d2acfdd-7bbc-4032-9640-a3862df77e1c"]
  },
  "5209f75838a14b5e1b9a19f2c02327163ddc6182": {
    "Id": "5209f75838a14b5e1b9a19f2c02327163ddc6182",
    "type": "Group",
    "name": "mariadb",
    "parent": "1037a54e65ed8773dc1e0f65388f29375ad83096",
    "children": [
      "c67eff4d-3e8a-404b-9379-69c7e7812fdf",
      "67613f0b-7273-4ca6-9440-c527499a8ece"
    ]
  },
  "525e507d-2a4e-4a64-b1a9-afaa4a1ffb33": {
    "Id": "525e507d-2a4e-4a64-b1a9-afaa4a1ffb33",
    "type": "StatefulSet",
    "name": "test-ads",
    "parent": "9940b5c46bd7695819ed924b5c6a658c1ca9e33d",
    "dashboardUrl": "http://127.0.0.1:57268/api/v1/namespaces/kubernetes-dashboard/services/http:kubernetes-dashboard:/proxy/#/statefulset/default/test-ads?namespace=default",
    "children": [
      "b2a0147e-8a67-4c19-b5f2-6a2701030d28",
      "a9b0a182-3750-40e8-819e-d0792c315d87",
      "00a76a2e-a37a-4863-ad7b-ed1e96dbcb45"
    ]
  },
  "664013d9-4bf1-4dde-8d2f-b50da77b56e9": {
    "Id": "664013d9-4bf1-4dde-8d2f-b50da77b56e9",
    "type": "ReplicaSet",
    "name": "test-sample-deployment-75b9ff95f7",
    "parent": "e17dca50-1ed8-4593-b143-4b949dd2e7e9",
    "dashboardUrl": "http://127.0.0.1:57268/api/v1/namespaces/kubernetes-dashboard/services/http:kubernetes-dashboard:/proxy/#/replicaset/default/test-sample-deployment-75b9ff95f7?namespace=default",
    "children": ["c54285d9-f2b2-4c20-aef4-5c665fcf5fc3"]
  },
  "67613f0b-7273-4ca6-9440-c527499a8ece": {
    "Id": "67613f0b-7273-4ca6-9440-c527499a8ece",
    "type": "Deployment",
    "name": "test-mariadb-deployment",
    "parent": "5209f75838a14b5e1b9a19f2c02327163ddc6182",
    "dashboardUrl": "http://127.0.0.1:57268/api/v1/namespaces/kubernetes-dashboard/services/http:kubernetes-dashboard:/proxy/#/deployment/default/test-mariadb-deployment?namespace=default",
    "children": ["e0b011c5-822c-44ae-a0f7-07b2573b04df"]
  },
  "71aec1fc-5b71-410a-bc9c-33830804a67b": {
    "Id": "71aec1fc-5b71-410a-bc9c-33830804a67b",
    "type": "Pod",
    "name": "test-catalog-deployment-5df79595f-cjqdt",
    "parent": "d65d5878-2081-405a-95fb-3b3fd8710f52",
    "dashboardUrl": "http://127.0.0.1:57268/api/v1/namespaces/kubernetes-dashboard/services/http:kubernetes-dashboard:/proxy/#/pod/default/test-catalog-deployment-5df79595f-cjqdt?namespace=default",
    "children": ["71aec1fc-5b71-410a-bc9c-33830804a67bcatalog"],
    "connectedTo": [
      "c67eff4d-3e8a-404b-9379-69c7e7812fdf",
      "00a76a2e-a37a-4863-ad7b-ed1e96dbcb45",
      "b2a0147e-8a67-4c19-b5f2-6a2701030d28",
      "a9b0a182-3750-40e8-819e-d0792c315d87",
      "2ab5d687-218f-45d2-87b3-387752892a0a",
      "8e478a4f-b6b1-40c8-ac86-468f12e83cf5"
    ],
    "attributes": {
      "Phase": "Running",
      "PodIP": "192.168.99.106"
    }
  },
  "71aec1fc-5b71-410a-bc9c-33830804a67bcatalog": {
    "Id": "71aec1fc-5b71-410a-bc9c-33830804a67bcatalog",
    "type": "Container",
    "name": "catalog",
    "parent": "71aec1fc-5b71-410a-bc9c-33830804a67b",
    "attributes": {
      "UsedCpu": "6m",
      "UsedMemory": "229104Ki",
      "memory": "200Mi"
    }
  },
  "85887c64-f4b0-4ace-a42f-7d90fef6f914": {
    "Id": "85887c64-f4b0-4ace-a42f-7d90fef6f914",
    "type": "PersistentVolume",
    "name": "db-test-ads-1",
    "parent": "b2a0147e-8a67-4c19-b5f2-6a2701030d28",
    "dashboardUrl": "http://127.0.0.1:57268/api/v1/namespaces/kubernetes-dashboard/services/http:kubernetes-dashboard:/proxy/#/persistentvolume/pvc-9f1614ef-ab98-4ff3-8fb6-8b499131b366?namespace=default",
    "attributes": {
      "size": "1Gi"
    }
  },
  "8e478a4f-b6b1-40c8-ac86-468f12e83cf5": {
    "Id": "8e478a4f-b6b1-40c8-ac86-468f12e83cf5",
    "type": "Pod",
    "name": "test-nds-deployment-6f596f74db-wkmpp",
    "parent": "4466e7ac-5d6c-4a62-867c-61e03dce1269",
    "dashboardUrl": "http://127.0.0.1:57268/api/v1/namespaces/kubernetes-dashboard/services/http:kubernetes-dashboard:/proxy/#/pod/default/test-nds-deployment-6f596f74db-wkmpp?namespace=default",
    "children": ["8e478a4f-b6b1-40c8-ac86-468f12e83cf5nds"],
    "connectedTo": ["c67eff4d-3e8a-404b-9379-69c7e7812fdf"],
    "attributes": {
      "Phase": "Running",
      "PodIP": "192.168.99.106"
    }
  },
  "8e478a4f-b6b1-40c8-ac86-468f12e83cf5nds": {
    "Id": "8e478a4f-b6b1-40c8-ac86-468f12e83cf5nds",
    "type": "Container",
    "name": "nds",
    "parent": "8e478a4f-b6b1-40c8-ac86-468f12e83cf5",
    "attributes": {
      "UsedCpu": "71m",
      "UsedMemory": "219996Ki",
      "memory": "200Mi"
    }
  },
  "9940b5c46bd7695819ed924b5c6a658c1ca9e33d": {
    "Id": "9940b5c46bd7695819ed924b5c6a658c1ca9e33d",
    "type": "Group",
    "name": "ads",
    "parent": "1037a54e65ed8773dc1e0f65388f29375ad83096",
    "children": ["525e507d-2a4e-4a64-b1a9-afaa4a1ffb33"]
  },
  "a15fb34c-2fe0-41fc-900b-3bb812398f59": {
    "Id": "a15fb34c-2fe0-41fc-900b-3bb812398f59",
    "type": "Pod",
    "name": "test-catalog-deployment-5df79595f-4knr5",
    "parent": "d65d5878-2081-405a-95fb-3b3fd8710f52",
    "dashboardUrl": "http://127.0.0.1:57268/api/v1/namespaces/kubernetes-dashboard/services/http:kubernetes-dashboard:/proxy/#/pod/default/test-catalog-deployment-5df79595f-4knr5?namespace=default",
    "children": ["a15fb34c-2fe0-41fc-900b-3bb812398f59catalog"],
    "connectedTo": [
      "c67eff4d-3e8a-404b-9379-69c7e7812fdf",
      "00a76a2e-a37a-4863-ad7b-ed1e96dbcb45",
      "b2a0147e-8a67-4c19-b5f2-6a2701030d28",
      "a9b0a182-3750-40e8-819e-d0792c315d87",
      "2ab5d687-218f-45d2-87b3-387752892a0a",
      "8e478a4f-b6b1-40c8-ac86-468f12e83cf5"
    ],
    "attributes": {
      "Phase": "Running",
      "PodIP": "192.168.99.106"
    }
  },
  "a15fb34c-2fe0-41fc-900b-3bb812398f59catalog": {
    "Id": "a15fb34c-2fe0-41fc-900b-3bb812398f59catalog",
    "type": "Container",
    "name": "catalog",
    "parent": "a15fb34c-2fe0-41fc-900b-3bb812398f59",
    "attributes": {
      "UsedCpu": "7m",
      "UsedMemory": "230436Ki",
      "memory": "200Mi"
    }
  },
  "a9b0a182-3750-40e8-819e-d0792c315d87": {
    "Id": "a9b0a182-3750-40e8-819e-d0792c315d87",
    "type": "Pod",
    "name": "test-ads-2",
    "parent": "525e507d-2a4e-4a64-b1a9-afaa4a1ffb33",
    "dashboardUrl": "http://127.0.0.1:57268/api/v1/namespaces/kubernetes-dashboard/services/http:kubernetes-dashboard:/proxy/#/pod/default/test-ads-2?namespace=default",
    "children": [
      "a9b0a182-3750-40e8-819e-d0792c315d87ads",
      "ebc10027-78c4-4617-b7e9-2ce5a46a6f21"
    ],
    "connectedTo": ["c67eff4d-3e8a-404b-9379-69c7e7812fdf"],
    "attributes": {
      "Phase": "Running",
      "PodIP": "192.168.99.106"
    }
  },
  "a9b0a182-3750-40e8-819e-d0792c315d87ads": {
    "Id": "a9b0a182-3750-40e8-819e-d0792c315d87ads",
    "type": "Container",
    "name": "ads",
    "parent": "a9b0a182-3750-40e8-819e-d0792c315d87",
    "connectedTo": ["ebc10027-78c4-4617-b7e9-2ce5a46a6f21"],
    "attributes": {
      "UsedCpu": "5m",
      "UsedMemory": "219904Ki",
      "memory": "200Mi"
    }
  },
  "b2a0147e-8a67-4c19-b5f2-6a2701030d28": {
    "Id": "b2a0147e-8a67-4c19-b5f2-6a2701030d28",
    "type": "Pod",
    "name": "test-ads-1",
    "parent": "525e507d-2a4e-4a64-b1a9-afaa4a1ffb33",
    "dashboardUrl": "http://127.0.0.1:57268/api/v1/namespaces/kubernetes-dashboard/services/http:kubernetes-dashboard:/proxy/#/pod/default/test-ads-1?namespace=default",
    "children": [
      "b2a0147e-8a67-4c19-b5f2-6a2701030d28ads",
      "85887c64-f4b0-4ace-a42f-7d90fef6f914"
    ],
    "connectedTo": ["c67eff4d-3e8a-404b-9379-69c7e7812fdf"],
    "attributes": {
      "Phase": "Running",
      "PodIP": "192.168.99.106"
    }
  },
  "b2a0147e-8a67-4c19-b5f2-6a2701030d28ads": {
    "Id": "b2a0147e-8a67-4c19-b5f2-6a2701030d28ads",
    "type": "Container",
    "name": "ads",
    "parent": "b2a0147e-8a67-4c19-b5f2-6a2701030d28",
    "connectedTo": ["85887c64-f4b0-4ace-a42f-7d90fef6f914"],
    "attributes": {
      "UsedCpu": "6m",
      "UsedMemory": "210772Ki",
      "memory": "200Mi"
    }
  },
  "b85a7bf1-6ff0-4ebb-acce-694e1e7cf63c": {
    "Id": "b85a7bf1-6ff0-4ebb-acce-694e1e7cf63c",
    "type": "Deployment",
    "name": "test-catalog-deployment",
    "parent": "2c5cc5f6ffb7b6d63f741bc6dab0f4a7467636a5",
    "dashboardUrl": "http://127.0.0.1:57268/api/v1/namespaces/kubernetes-dashboard/services/http:kubernetes-dashboard:/proxy/#/deployment/default/test-catalog-deployment?namespace=default",
    "children": ["d65d5878-2081-405a-95fb-3b3fd8710f52"]
  },
  "ba09f3451b17f1f654fe438e53bbb114e873477c": {
    "Id": "ba09f3451b17f1f654fe438e53bbb114e873477c",
    "type": "Group",
    "name": "sample",
    "parent": "1037a54e65ed8773dc1e0f65388f29375ad83096",
    "children": ["e17dca50-1ed8-4593-b143-4b949dd2e7e9"]
  },
  "c54285d9-f2b2-4c20-aef4-5c665fcf5fc3": {
    "Id": "c54285d9-f2b2-4c20-aef4-5c665fcf5fc3",
    "type": "Pod",
    "name": "test-sample-deployment-75b9ff95f7-rmhk7",
    "parent": "664013d9-4bf1-4dde-8d2f-b50da77b56e9",
    "dashboardUrl": "http://127.0.0.1:57268/api/v1/namespaces/kubernetes-dashboard/services/http:kubernetes-dashboard:/proxy/#/pod/default/test-sample-deployment-75b9ff95f7-rmhk7?namespace=default",
    "children": ["c54285d9-f2b2-4c20-aef4-5c665fcf5fc3sample"],
    "connectedTo": ["c67eff4d-3e8a-404b-9379-69c7e7812fdf"],
    "attributes": {
      "Phase": "Running",
      "PodIP": "192.168.99.106"
    }
  },
  "c54285d9-f2b2-4c20-aef4-5c665fcf5fc3sample": {
    "Id": "c54285d9-f2b2-4c20-aef4-5c665fcf5fc3sample",
    "type": "Container",
    "name": "sample",
    "parent": "c54285d9-f2b2-4c20-aef4-5c665fcf5fc3",
    "attributes": {
      "UsedCpu": "1m",
      "UsedMemory": "152192Ki",
      "memory": "200Mi"
    }
  },
  "c67eff4d-3e8a-404b-9379-69c7e7812fdf": {
    "Id": "c67eff4d-3e8a-404b-9379-69c7e7812fdf",
    "type": "Service",
    "name": "test-mariadb",
    "parent": "5209f75838a14b5e1b9a19f2c02327163ddc6182",
    "dashboardUrl": "http://127.0.0.1:57268/api/v1/namespaces/kubernetes-dashboard/services/http:kubernetes-dashboard:/proxy/#/service/default/test-mariadb?namespace=default",
    "connectedTo": ["4649c11d-fea3-4ba2-bd08-4390848017a7"]
  },
  "d65d5878-2081-405a-95fb-3b3fd8710f52": {
    "Id": "d65d5878-2081-405a-95fb-3b3fd8710f52",
    "type": "ReplicaSet",
    "name": "test-catalog-deployment-5df79595f",
    "parent": "b85a7bf1-6ff0-4ebb-acce-694e1e7cf63c",
    "dashboardUrl": "http://127.0.0.1:57268/api/v1/namespaces/kubernetes-dashboard/services/http:kubernetes-dashboard:/proxy/#/replicaset/default/test-catalog-deployment-5df79595f?namespace=default",
    "children": [
      "71aec1fc-5b71-410a-bc9c-33830804a67b",
      "a15fb34c-2fe0-41fc-900b-3bb812398f59"
    ]
  },
  "de16cc6e-fc49-4343-bbce-e7ec09c6cf94": {
    "Id": "de16cc6e-fc49-4343-bbce-e7ec09c6cf94",
    "type": "Deployment",
    "name": "test-nds-deployment",
    "parent": "2c40d6e56e82eb5582d63830311ab6883622ed49",
    "dashboardUrl": "http://127.0.0.1:57268/api/v1/namespaces/kubernetes-dashboard/services/http:kubernetes-dashboard:/proxy/#/deployment/default/test-nds-deployment?namespace=default",
    "children": ["4466e7ac-5d6c-4a62-867c-61e03dce1269"]
  },
  "e0b011c5-822c-44ae-a0f7-07b2573b04df": {
    "Id": "e0b011c5-822c-44ae-a0f7-07b2573b04df",
    "type": "ReplicaSet",
    "name": "test-mariadb-deployment-7fcccb6db7",
    "parent": "67613f0b-7273-4ca6-9440-c527499a8ece",
    "dashboardUrl": "http://127.0.0.1:57268/api/v1/namespaces/kubernetes-dashboard/services/http:kubernetes-dashboard:/proxy/#/replicaset/default/test-mariadb-deployment-7fcccb6db7?namespace=default",
    "children": ["4649c11d-fea3-4ba2-bd08-4390848017a7"]
  },
  "e17dca50-1ed8-4593-b143-4b949dd2e7e9": {
    "Id": "e17dca50-1ed8-4593-b143-4b949dd2e7e9",
    "type": "Deployment",
    "name": "test-sample-deployment",
    "parent": "ba09f3451b17f1f654fe438e53bbb114e873477c",
    "dashboardUrl": "http://127.0.0.1:57268/api/v1/namespaces/kubernetes-dashboard/services/http:kubernetes-dashboard:/proxy/#/deployment/default/test-sample-deployment?namespace=default",
    "children": ["664013d9-4bf1-4dde-8d2f-b50da77b56e9"]
  },
  "ebc10027-78c4-4617-b7e9-2ce5a46a6f21": {
    "Id": "ebc10027-78c4-4617-b7e9-2ce5a46a6f21",
    "type": "PersistentVolume",
    "name": "db-test-ads-2",
    "parent": "a9b0a182-3750-40e8-819e-d0792c315d87",
    "dashboardUrl": "http://127.0.0.1:57268/api/v1/namespaces/kubernetes-dashboard/services/http:kubernetes-dashboard:/proxy/#/persistentvolume/pvc-25c7e013-873e-40ec-8c84-38b5ea87f9c3?namespace=default",
    "attributes": {
      "size": "1Gi"
    }
  },
  "f43a4844-2cad-4071-815c-34b48d1664de": {
    "Id": "f43a4844-2cad-4071-815c-34b48d1664de",
    "type": "Namespace",
    "name": "default",
    "dashboardUrl": "http://127.0.0.1:57268/api/v1/namespaces/kubernetes-dashboard/services/http:kubernetes-dashboard:/proxy/#/namespace/kubernetes-dashboard?namespace=default",
    "children": [
      "4bb721a7-b8c9-4c6a-94a1-1f219faa6dda",
      "1037a54e65ed8773dc1e0f65388f29375ad83096",
      "19f6572f-ae4b-4e2e-bf77-bcb2f37e84d4"
    ]
  }
}
